employee_key,employee_name,gender,hire_date
1,Carlos Matthews,M,2010-06-26
2,Timothy Mendoza,M,2022-02-27
3,David Salinas,M,2020-02-23
4,Destiny Ellis,F,2017-10-05
5,Brian Mcdaniel,M,2014-08-17
6,Scott Stevens,M,2010-09-06
7,Kara Mann,F,2023-06-04
8,Joseph Scott,M,2013-11-13
9,Ashley Maynard,F,2012-12-02
10,David Anderson,M,2016-09-07
11,Taylor Brown,F,2012-04-14
12,Kelly Anderson,M,2013-03-25
13,Patricia Crawford,F,2017-04-03
14,Mary Elliott,F,2011-03-12
15,Anthony Jones,M,2023-03-20
16,Jon Garcia,M,2010-02-04
17,Collin Chavez,M,2014-08-01
18,Ann Vaughn,F,2010-06-07
19,Brandon Rodriguez,M,2019-12-19
20,Jennifer Gonzales,F,2017-02-08
21,Dana Lopez,F,2017-10-21
22,Robyn Smith,F,2019-05-03
23,Brandy Aguilar,F,2023-07-19
24,James Cox,M,2012-01-09
25,Michael Fernandez,M,2013-01-12
26,Michael Johnson,M,2017-03-13
27,Wendy Deleon,F,2011-12-15
28,David Cisneros,M,2022-03-22
29,Donald Brown,M,2017-04-13
30,Alexandra Burnett,F,2023-06-14
31,Sheena Villegas,F,2019-07-12
32,Rodney Mccann MD,M,2020-04-19
33,Ronald Smith,M,2019-03-20
34,Dr. Robin Wang,F,2021-01-30
35,Paige Silva,F,2011-06-21
36,Kristopher Carter,M,2011-09-08
37,Diana Soto,F,2011-01-04
38,Austin Fox,M,2010-03-15
39,Hector Garza,M,2022-03-18
40,Todd Gordon,M,2020-11-26
41,Kristen Ingram,F,2010-05-18
42,Jennifer Nguyen,F,2015-09-21
43,Sandra Booth,F,2015-04-13
44,Leonard Ramirez,M,2011-03-12
45,Alicia Andrews,F,2014-01-03
46,Elizabeth Morton,F,2021-04-18
47,Julie Henderson,F,2022-11-02
48,John Hamilton,M,2023-09-18
49,Kayla Clark,F,2017-06-27
50,John Greene,M,2012-01-29
51,Tammy Garcia,F,2011-09-29
52,Jessica Collins,F,2011-04-14
53,Hector Hernandez,M,2018-11-07
54,Mr. Richard Hall,M,2014-04-20
55,Kelly Flores,F,2020-10-30
56,Gregory Sullivan,M,2010-10-13
57,Leslie Rodriguez,F,2020-04-29
58,Darlene Hernandez,F,2015-03-21
59,Tracy Ward,F,2018-01-07
60,Allison Richmond,F,2018-12-02
61,Anthony Flynn,M,2012-08-26
62,Larry Booth,M,2021-01-07
63,Teresa Shepherd,F,2023-03-04
64,Jessica Mccall,F,2020-03-09
65,Brandon Mckee,M,2016-07-20
66,Michael Bartlett,M,2016-02-03
67,Tammy Clay,F,2018-10-04
68,Shawn Anderson,M,2016-03-07
69,Alexander Martinez,M,2014-07-09
70,Andre Barry,M,2020-11-02
71,Laura Dunn,F,2012-09-16
72,Matthew Tucker,M,2019-10-15
73,Monica Rivas,F,2017-09-12
74,Mrs. Angela Smith,F,2017-09-12
75,Carlos Lewis,M,2014-03-03
76,Brandon Taylor,M,2015-07-25
77,Candice Harris,F,2013-05-20
78,Holly Clarke,F,2018-04-10
79,Patrick Lopez,M,2015-10-01
80,Nancy Webb,F,2022-07-28
81,Nicole Williams,F,2010-09-04
82,April Price,F,2020-11-17
83,Paula Jarvis,F,2015-04-02
84,Jesus Schwartz,M,2022-04-14
85,Tommy Donovan,M,2021-01-18
86,Andrea Smith,F,2012-05-19
87,Stacey Stevens,F,2017-11-20
88,Lynn Phelps,F,2021-04-16
89,David Lyons,M,2020-09-18
90,Richard Robinson,M,2011-12-04
91,Wanda Lane,F,2020-07-11
92,Michael Johnson,M,2016-11-18
93,Christopher Dickerson,M,2012-04-29
94,John Murray,M,2013-02-19
95,Wendy Moran,F,2016-05-14
96,Cathy Rhodes,F,2021-11-21
97,Linda Hunter,F,2023-06-08
98,Rebecca Summers,F,2022-08-02
99,Richard Burns,M,2021-09-13
100,Dr. Jasmine Brown,F,2019-11-12
101,Caroline Thompson,F,2023-09-21
102,Cheryl Ford,F,2011-05-31
103,Sarah Johnson,F,2016-11-22
104,Steven Williams,M,2022-03-26
105,Sheila Wolf,F,2014-01-01
106,Michael Waters,M,2010-05-06
107,Michael Curry,M,2022-10-16
108,Alex Peterson,M,2017-01-09
109,Belinda Wu,F,2022-04-11
110,Dr. Joseph Serrano DVM,M,2021-04-30
111,Steven Butler,M,2010-05-17
112,Ms. Kimberly Adams,F,2017-06-04
113,Jason Smith,M,2015-09-21
114,Christina Rojas,F,2013-08-20
115,Mark Wheeler,M,2021-05-25
116,Linda Garcia,F,2017-07-25
117,Lisa Olsen,F,2021-08-14
118,Kayla Lewis,F,2010-09-30
119,Tammy Griffin,F,2015-12-02
120,Brittany Martinez,F,2020-11-21
121,Joel Harrison,M,2013-06-01
122,Carmen Williams,F,2014-03-30
123,Matthew Johnson,M,2021-12-23
124,Sean Johnson,M,2019-04-09
125,Isaiah Sellers,M,2014-05-13
126,Cody Snyder,M,2018-05-07
127,Clifford Foley,M,2010-01-03
128,Eileen Guerrero,F,2017-08-04
129,Donna Ho,F,2017-02-25
130,Crystal Hudson,F,2011-08-29
131,Katrina Wright,F,2017-07-28
132,Dustin Bailey,M,2012-03-05
133,John Mcpherson,M,2015-02-09
134,Chad Cox,M,2010-06-13
135,Melissa Collier,F,2022-04-05
136,Katelyn Phillips,F,2016-08-19
137,Lindsay Campbell,F,2021-03-15
138,Heather Johnson,F,2014-11-03
139,Ashley Williams,F,2021-08-29
140,Lawrence Simpson,M,2019-04-15
141,Laura Meyer,F,2018-09-10
142,Sandra Mata,F,2017-12-26
143,Erica Owens,F,2020-02-23
144,Brandi Jimenez,F,2022-02-24
145,Derek Salazar,M,2020-12-31
146,Jennifer Gonzalez,F,2017-06-11
147,Tiffany Estrada,F,2016-10-27
148,Samuel Morrow,M,2023-08-14
149,David Diaz,M,2016-04-29
150,Chris Gordon,M,2022-10-05
151,Angela Davis,F,2020-10-24
152,Garrett Sanders,M,2014-07-18
153,Jerry Kemp,M,2013-04-21
154,Leah Oneal,F,2010-08-24
155,Sarah Aguirre,F,2013-06-22
156,Vanessa Williams,F,2015-07-08
157,Holly Ford,F,2011-04-20
158,Tracy Clark,M,2022-03-27
159,Luis Fisher,M,2023-11-11
160,Meghan Ramirez,F,2012-06-22
161,Larry Parker,M,2018-02-21
162,Sarah Jackson,F,2020-11-29
163,Cindy Rogers,F,2020-06-03
164,Tracey Davis,F,2013-08-19
165,Betty James,F,2020-02-09
166,Ronald Reese,M,2011-04-05
167,Amy Rodriguez,F,2011-11-01
168,Peggy Soto,F,2021-09-20
169,Julia Wilson,F,2010-01-10
170,Melissa Paul,F,2012-08-27
171,Timothy Fowler,M,2016-01-09
172,Maria Page,F,2015-02-21
173,Jason Lewis,M,2012-04-30
174,Ashley Adams,F,2013-12-17
175,Melissa Johnson,F,2013-07-21
176,Rachel Tyler,F,2021-11-15
177,Christie Smith,F,2018-10-08
178,Dennis Walker,M,2012-07-19
179,Tammie Thomas,F,2012-06-16
180,Thomas Robles,M,2013-07-17
181,Erik Alexander,M,2015-08-24
182,Christian Miller,M,2010-08-08
183,Richard Stewart,M,2015-11-02
184,Antonio Schaefer,M,2014-09-05
185,Susan Smith,F,2012-08-17
186,Tiffany Holder,F,2018-01-19
187,Nicholas Leach,M,2012-11-11
188,Albert Thompson,M,2011-07-14
189,Andrew Vasquez,M,2010-12-20
190,Debbie Frost,F,2015-07-08
191,Jason Thomas,M,2013-11-18
192,Ryan Hawkins,M,2010-08-05
193,Katherine Sampson,F,2013-05-30
194,Rebecca Williams,F,2019-09-23
195,Melissa Mitchell,F,2010-06-15
196,Joshua Hobbs,M,2019-01-08
197,Kimberly Davis,F,2022-08-06
198,James Sullivan,M,2021-10-15
199,Angela Harris,F,2016-11-11
200,Robert Norman,M,2019-11-08
201,Anthony Williamson,M,2021-05-31
202,Michelle Ellis,F,2023-11-11
203,Anthony Mitchell,M,2018-05-26
204,Jennifer Perez,F,2018-12-26
205,Arthur Lawrence,M,2017-01-24
206,Gabrielle Li,F,2011-05-13
207,Victoria Carney,F,2020-03-19
208,Ricardo Richardson,M,2018-10-04
209,Glenn Williams PhD,M,2010-12-18
210,Shawn Peters,M,2014-08-18
211,Stephen Houston,M,2016-03-09
212,Terri Faulkner,F,2011-02-09
213,Connie Tucker,F,2023-06-15
214,Troy Haney,M,2017-11-28
215,Katelyn Roberts,F,2013-03-20
216,Kyle Allison,M,2010-04-26
217,Meagan Chambers,F,2017-01-08
218,Jean George,F,2019-01-15
219,Roy Terrell,M,2018-04-24
220,Dana Estrada,F,2021-09-29
221,Eric Bailey DVM,M,2012-03-09
222,Thomas Miller,M,2020-02-24
223,Stephanie Johnson,F,2021-11-30
224,Stephanie Morris,F,2017-03-13
225,Erica Wallace,F,2014-05-12
226,Anthony Reyes,M,2017-04-27
227,Karen Jimenez,F,2015-07-08
228,Amy Shaw,F,2010-07-30
229,Kristina Heath,F,2015-01-14
230,Carlos Ryan,M,2022-08-26
231,Ashley Patel,F,2021-11-08
232,Lauren Burton,F,2015-12-18
233,Angela Beasley,F,2015-08-13
234,Eric Wolfe,M,2015-01-18
235,Karina Olson,F,2012-04-09
236,Douglas Stokes,M,2014-12-16
237,Christine Morrison,F,2020-01-22
238,Ms. Brenda Watson PhD,F,2018-09-17
239,Kyle Ayers,M,2010-11-13
240,Lee Davis,M,2012-08-31
241,Kristi Malone,F,2011-11-23
242,Rebecca Jones,F,2023-07-26
243,Catherine Davidson,F,2010-06-18
244,Dalton Ball,M,2011-06-05
245,Christine Mooney,F,2015-12-25
246,Ronald Ortega,M,2014-06-18
247,Robert Lopez,M,2010-02-16
248,Kathryn Williams,F,2017-09-15
249,Megan Jones,F,2011-01-16
250,Anna Gomez,F,2015-09-09
251,Karen Hughes,F,2023-04-21
252,Timothy Hill,M,2019-02-13
253,Vanessa Haley,F,2010-12-21
254,Andrew Black,M,2013-07-01
255,Sylvia Anderson,F,2011-02-28
256,Pam Meyer,F,2021-05-12
257,Katherine Torres,F,2012-06-22
258,Sarah Roman,F,2010-09-19
259,Nicholas Jackson,M,2019-06-16
260,Eric Chandler,M,2023-11-23
261,William Holland,M,2015-10-04
262,Joshua Johnson,M,2019-07-28
263,Tiffany Duke,F,2023-12-09
264,Michael Jones,M,2019-03-29
265,Robert Gallegos,M,2023-02-06
266,Eric James,M,2019-01-16
267,Brooke Schwartz,F,2016-01-02
268,Timothy Hurley,M,2013-07-09
269,Kimberly Lee,F,2023-03-01
270,Stephanie Thompson,F,2011-10-21
271,April Norman,F,2017-08-05
272,Theresa Garrett,F,2021-03-10
273,Tara Young,F,2021-10-19
274,Richard Collins,M,2018-09-19
275,Bryan Smith,M,2021-03-23
276,Daniel Duffy,M,2018-10-19
277,Elizabeth Thomas,F,2021-03-14
278,Ronald Johnson,M,2019-08-25
279,Lisa Walker,F,2019-08-31
280,Brenda Hill,F,2013-07-18
281,Anthony Brown,M,2022-02-12
282,Briana Morris,F,2013-04-02
283,Ashley Walker,F,2015-08-29
284,Carolyn Gonzalez,F,2011-12-20
285,Thomas Chandler,M,2021-12-26
286,Kathleen Rice,F,2012-02-16
287,Margaret Richardson,F,2020-01-22
288,Madison Washington,F,2021-03-02
289,Victor Cooper,M,2023-11-23
290,Thomas Peterson,M,2016-02-29
291,Natalie Jones,F,2013-09-13
292,Bryan Kelly,M,2021-08-02
293,Benjamin Mendoza,M,2013-12-20
294,Mark Grant,M,2023-09-23
295,Dr. Jeremy Obrien PhD,M,2016-11-27
296,Carol Walsh,F,2010-10-13
297,Julie Parker,F,2012-02-20
298,Kevin Smith,M,2019-09-19
299,Erica Castro,F,2022-07-01
300,Evelyn Stanley,F,2014-09-13
301,Christopher Martinez,M,2022-03-21
302,Rebecca House,F,2023-08-05
303,Alicia Mcdaniel,F,2010-12-12
304,Michele Yu,F,2010-03-18
305,Kathryn Dunn,F,2012-08-08
306,Adam Adams,M,2022-11-29
307,Heather Pierce,F,2017-06-09
308,Thomas Guzman,M,2016-10-27
309,Gregory Evans,M,2010-06-21
310,Katie Copeland,F,2015-10-16
311,Thomas Collins,M,2018-10-23
312,Melissa Long,F,2011-12-15
313,Michael Meyer,M,2016-07-20
314,Patricia Jackson,F,2017-03-23
315,Collin Kelley,M,2014-01-12
316,Anthony Andrews,M,2016-10-11
317,Christopher Hill,M,2010-05-07
318,Ashley Rosario,F,2015-07-27
319,Wesley Cardenas,M,2014-09-04
320,Douglas Cook,M,2021-11-30
321,Laurie Hunter,F,2014-04-24
322,Robert Williams,M,2020-04-26
323,Bobby Dunn,M,2018-05-01
324,Kimberly Lee,F,2023-06-15
325,Janet Ayers,F,2020-12-04
326,Steven Townsend,M,2014-05-09
327,Mary Carney,F,2010-10-24
328,Leah Brown,F,2010-10-05
329,William Perkins,M,2011-04-09
330,Brenda York,F,2011-01-09
331,Elizabeth Jones,F,2011-03-09
332,Dana Thomas,F,2015-03-24
333,David Thomas,M,2012-12-01
334,Andrea Brown,F,2017-12-26
335,Shannon Burton,F,2013-05-25
336,Tina Pope,F,2011-04-19
337,Lauren Allison,F,2020-05-20
338,Donna Young,F,2012-10-09
339,Richard Montoya,M,2023-10-20
340,Anthony Cooley,M,2014-08-15
341,Melinda Washington,F,2018-12-10
342,Robert Gould,M,2011-09-01
343,Ashley Drake,F,2018-01-20
344,Gregg Lopez,M,2012-02-06
345,Dawn Baker,F,2016-08-14
346,Mr. Bobby Keller,M,2022-11-17
347,Shawn Morgan,M,2023-05-01
348,Veronica Bender,F,2010-03-21
349,Benjamin Ryan,M,2018-12-10
350,Rebecca Barnes,F,2011-10-07
351,Joseph Lane,M,2016-02-28
352,Cory Rodriguez,M,2017-01-16
353,Ariana Davis,F,2011-12-18
354,Chad Berry,M,2014-10-20
355,Jerry Golden,M,2013-11-21
356,Nathaniel Hill,M,2022-01-08
357,Allison Hall,F,2011-03-17
358,Shawn Fernandez,M,2012-04-13
359,Lisa Vaughn,F,2016-05-24
360,Jennifer Solis,F,2019-08-11
361,Marcus Daniel,M,2018-07-05
362,Teresa Carter,F,2014-12-31
363,Crystal Ruiz,F,2016-06-15
364,Jeff Shepherd,M,2015-06-09
365,Blake Mcdonald,M,2014-02-17
366,Gary Solomon,M,2020-12-19
367,Timothy Rivera,M,2010-03-28
368,Jose Sellers,M,2018-12-06
369,Derek Garcia,M,2011-07-13
370,Melissa Holt,F,2010-01-22
371,Christopher Hahn,M,2018-12-20
372,Wesley Sexton,M,2016-12-01
373,Renee Michael,F,2012-07-17
374,Phillip Joseph,M,2014-09-13
375,Ryan Ortiz,M,2010-08-22
376,David Watson,M,2021-09-20
377,Luke Liu,M,2011-09-08
378,Justin Green,M,2014-11-06
379,Ronald James,M,2013-09-26
380,Joseph Larsen,M,2022-04-14
381,Carl Mack,M,2011-04-27
382,Marcus Leon,M,2012-01-13
383,Jennifer Brown,F,2022-04-24
384,Danny Thomas,M,2022-11-05
385,Michael Johnson,M,2011-10-01
386,Elizabeth Powers,F,2019-06-20
387,Leslie Martin,F,2014-06-21
388,Patricia Robertson,F,2023-01-29
389,Emily Winters,F,2023-11-24
390,Steven Blackwell,M,2017-03-07
391,Amanda Parsons,F,2016-06-22
392,John Lynn,M,2018-04-20
393,Kathleen Gilbert,F,2023-02-22
394,Michael Hill,M,2023-08-08
395,Mary Bond,F,2018-12-10
396,Zachary Roberson,M,2012-12-28
397,Brian Preston,M,2021-09-19
398,Jesse Reese,M,2011-07-10
399,Michael Ford,M,2014-08-08
400,Virginia Howard,F,2020-11-08
401,Douglas Bowers,M,2022-11-15
402,Michael Hill,M,2011-12-23
403,Michelle Herring,F,2015-05-04
404,Kirk Rivera,M,2015-01-06
405,Noah Hoover,M,2017-05-24
406,Nichole Butler,F,2018-09-02
407,Terrance Whitney,M,2018-02-14
408,Noah Foley,M,2019-09-18
409,Frank Morrison,M,2020-08-14
410,Dylan Roberts,M,2012-12-03
411,Michelle Walters,F,2016-03-25
412,Jennifer Hall,F,2021-02-16
413,Steven Matthews,M,2015-07-10
414,Marilyn Carter,F,2015-05-15
415,Amy Miller,F,2016-09-26
416,Deanna Booth,F,2021-03-05
417,Megan Martinez,F,2011-08-26
418,Megan Phillips,F,2015-10-19
419,Brett Martin,M,2018-06-10
420,Allison Contreras,F,2022-11-11
421,Lance Logan,M,2011-06-11
422,Jennifer Russell,F,2014-12-23
423,Annette Randolph,F,2023-06-17
424,Jose Collins,M,2011-12-10
425,Rebekah Rodriguez,F,2011-09-23
426,Madison Fernandez,F,2012-01-05
427,Kenneth Morales,M,2016-05-31
428,Andrew Carter,M,2022-01-26
429,Jamie Meyer,F,2016-02-23
430,Mike Nguyen,M,2011-05-30
431,Alicia Gay,F,2019-12-11
432,Jacob Hughes,M,2010-05-20
433,Joseph Cruz,M,2014-04-23
434,Christopher Snyder,M,2011-11-09
435,Rebecca Reeves,F,2010-07-06
436,Marissa Carroll,F,2012-09-10
437,Douglas Campbell,M,2023-05-17
438,Donald Jacobs,M,2023-11-14
439,Jeremy Barnes,M,2022-05-20
440,Amanda Cain,F,2013-10-06
441,Adam Jacobs,M,2013-03-30
442,Joyce Combs,F,2013-11-19
443,Kirsten Mcdaniel,F,2020-02-15
444,Nathaniel Ortiz,M,2019-04-08
445,Anna Andrews,F,2010-04-14
446,Michael May,M,2023-10-26
447,Cory Gentry,M,2014-06-27
448,Megan Pittman,F,2013-01-04
449,Benjamin Williams,M,2016-08-05
450,Luis Webster,M,2015-12-25
451,Amanda Graham,F,2010-06-29
452,Thomas Mays,M,2021-09-14
453,Joseph Tran,M,2013-10-11
454,Michael Carroll,M,2019-09-11
455,Dr. Brenda Davis,F,2020-05-18
456,Keith Watson,M,2011-10-27
457,Arthur Silva,M,2015-06-20
458,Kenneth Ruiz,M,2014-05-07
459,Tina Davidson,F,2013-02-19
460,Kenneth Bennett,M,2013-10-06
461,Peter Reynolds,M,2016-05-21
462,Steven Moses,M,2011-05-31
463,Kristen Scott,F,2012-06-10
464,James Kennedy,M,2016-06-20
465,Denise Taylor,F,2022-08-21
466,Kimberly Beck,F,2014-10-16
467,Julie Simon,F,2018-02-12
468,Diana Parsons,F,2010-12-20
469,Kristin Gonzalez,F,2017-08-21
470,Michael Zavala,M,2021-07-01
471,Michelle Barker,F,2022-09-08
472,Terry Zamora,M,2014-06-05
473,Nicole Roberts,F,2012-11-21
474,Walter Vincent,M,2021-04-25
475,Amanda Lopez,F,2019-06-08
476,Laura Carter,F,2020-07-02
477,Helen Bryant,F,2010-11-08
478,Gary Williams,M,2010-11-17
479,Lauren Lewis,F,2017-03-16
480,Allison Turner,F,2018-11-14
481,Mrs. Emily Rosales,F,2018-01-30
482,Gregory Perry Jr.,M,2018-11-14
483,Courtney Evans,F,2021-07-06
484,Philip Wade,M,2010-12-17
485,Alexandra Greer,F,2010-03-09
486,Lisa Oneill,F,2020-12-21
487,Kathleen Boyd,F,2020-11-11
488,Leslie Clark,F,2014-03-19
489,Deanna Schwartz,F,2011-07-13
490,Margaret Miles,F,2021-02-19
491,Duane Aguilar,M,2012-09-15
492,Gabriel Morrison,M,2013-12-22
493,Thomas Hale,M,2016-07-28
494,Erica Martin,F,2015-12-31
495,Curtis Brooks MD,M,2023-01-21
496,Marcus Miller,M,2017-02-19
497,Shawn Estrada,M,2014-03-17
498,Austin Medina,M,2015-03-21
499,Hannah Esparza,F,2022-01-22
500,Julie Sanders,F,2014-10-31
501,Monica Alexander,F,2018-08-04
502,Eric Stokes,M,2011-10-26
503,Cheryl Kirby,F,2022-03-16
504,Emily Hill,F,2015-05-25
505,Stephen Gonzales,M,2023-07-15
506,Belinda Gay,F,2011-12-25
507,Kayla Roth,F,2013-04-06
508,Dr. Tara Stewart DVM,F,2010-12-26
509,Andrew Rodriguez,M,2010-06-10
510,Tamara Crawford,F,2021-09-21
511,Alison Wright,F,2015-06-16
512,Amanda Williamson,F,2013-02-07
513,Michael George,M,2019-11-15
514,Dakota Glover,M,2019-09-11
515,Holly Raymond,F,2017-12-31
516,Robert Anderson,M,2014-12-16
517,Mary Smith,F,2016-04-16
518,Chelsea Thomas,F,2016-06-13
519,Dylan Knight,M,2013-07-30
520,Jacqueline Cortez,F,2012-09-12
521,Steven Whitaker,M,2021-02-19
522,Kelly Kelley,F,2011-03-15
523,Mia Mercer,F,2012-09-05
524,Scott Ward,M,2020-06-27
525,Anthony Peters,M,2017-12-18
526,Matthew Santana,M,2017-12-07
527,Dr. Charles Allen,M,2021-11-20
528,Dr. Troy Perry,M,2010-09-21
529,Nicholas Martinez,M,2012-02-29
530,Mrs. Jessica Jones DDS,F,2010-07-22
531,Jessica Adams,F,2018-03-24
532,Aaron Holt,M,2023-08-02
533,Mary Hernandez,F,2013-05-28
534,Rebecca Davis,F,2015-08-22
535,Michelle Johnson,F,2022-12-30
536,Daniel Vazquez,M,2021-05-04
537,Joshua Nguyen,M,2021-04-01
538,Angela Brown,F,2017-03-17
539,Emily Blanchard,F,2022-05-09
540,Lisa Sanders,F,2018-04-23
541,Cynthia Smith,F,2020-08-13
542,Elizabeth Church,F,2015-04-27
543,Kelsey Allen,F,2015-09-04
544,Rachel Weaver,F,2022-06-25
545,Curtis Wallace,M,2013-06-05
546,Lisa Buck,F,2010-12-14
547,Jennifer Stevens,F,2019-01-11
548,Keith Hardy,M,2013-06-14
549,Wayne Simon,M,2014-10-26
550,Samantha Taylor,F,2014-07-20
551,Dr. Melanie Rogers,F,2016-01-07
552,Jennifer Welch,F,2015-03-03
553,Linda Perez,F,2021-11-09
554,Brittany Gomez,F,2014-12-18
555,Charles Cruz,M,2011-04-03
556,Sara Davis,F,2014-04-08
557,Theresa Dunlap,F,2010-11-12
558,Justin Holmes,M,2014-12-12
559,Daniel Carr,M,2018-05-23
560,Patricia Holt,F,2020-04-02
561,Donna Ward,F,2023-12-12
562,Barry Bennett,M,2015-06-20
563,Jasmine Ortega,F,2016-05-27
564,Karen Nguyen,F,2010-01-06
565,Roger Gordon,M,2013-12-11
566,Susan Joseph,F,2017-05-01
567,Scott Williams,M,2017-10-27
568,Colleen Pearson,F,2010-04-02
569,Jack Campbell,M,2023-09-26
570,Melissa Burton,F,2023-10-18
571,Brenda Wright,F,2023-06-12
572,Elizabeth Navarro,F,2012-06-15
573,Devin Clark,M,2019-10-30
574,Garrett Flores,M,2015-09-24
575,Jeremy Nelson,M,2021-10-08
576,Morgan Strong,F,2013-12-17
577,Hannah Cook,F,2010-04-15
578,Karen Hurst,F,2023-08-30
579,Mark Nelson,M,2014-05-07
580,Stephanie Adams,F,2015-04-29
581,David Lee Jr.,M,2021-01-25
582,Travis Carrillo,M,2010-04-16
583,Erica Hawkins,F,2014-06-04
584,Caitlin Ingram,F,2017-11-24
585,Victor Johnson,M,2013-07-23
586,Dillon Jordan,M,2012-06-08
587,Shelby Campbell,F,2013-05-29
588,Amber Smith,F,2022-11-14
589,Kimberly Castaneda,F,2020-10-25
590,Peter Estrada,M,2019-06-21
591,Mary Martin,F,2013-08-11
592,Patricia Sanchez,F,2021-04-02
593,Thomas Johnson,M,2017-01-09
594,Karen Buchanan,F,2017-04-15
595,Michael Russo,M,2016-10-01
596,Heather Miller,F,2018-10-17
597,Lori Fitzpatrick,F,2013-05-03
598,Rebecca Perez,F,2021-05-15
599,Bryan Reeves,M,2013-07-04
600,Elizabeth Jackson,F,2022-04-14
601,Alexandria Ramirez,F,2023-03-16
602,Ariel Jefferson,F,2014-01-19
603,Misty Tapia,F,2012-06-28
604,Joe Benitez,M,2020-02-07
605,David Patterson,M,2018-01-04
606,Mrs. Nicole Williams,F,2014-08-05
607,Eric Larson,M,2021-02-27
608,Felicia Smith,F,2011-09-08
609,Stacey Richardson,F,2021-10-16
610,Jonathan Martinez,M,2018-01-13
611,Tara Martin,F,2021-10-10
612,Alyssa Davis,F,2023-06-09
613,Kristy Banks,F,2011-06-02
614,Shane Hernandez,M,2019-10-20
615,Jacqueline Lester,F,2014-04-10
616,Devin Lewis,M,2017-12-21
617,David Turner,M,2014-09-05
618,Chelsea Brown DVM,F,2011-08-30
619,Dustin Brown,M,2017-11-20
620,Heather Mason,F,2012-12-09
621,Jill Hartman,F,2015-06-13
622,Samantha Gonzalez,F,2013-02-23
623,Amanda Brown,F,2012-05-10
624,Tim Ramirez,M,2022-04-21
625,Cassandra Aguirre,F,2014-08-15
626,Lisa Horn,F,2012-11-28
627,Mrs. Christina Campbell,F,2018-08-25
628,Timothy Flores,M,2011-06-19
629,Devin Rose,M,2015-09-03
630,Mitchell Johnson,M,2021-03-15
631,Todd Watson,M,2021-07-16
632,Terry Wong,M,2011-01-17
633,Billy Perkins,M,2013-07-26
634,Nichole Fry,F,2020-10-02
635,Jenny Barr,F,2012-02-15
636,Tina Hunt,F,2021-03-19
637,Paul Tucker,M,2015-07-26
638,Taylor Davis,M,2016-08-08
639,Thomas Gilbert,M,2020-01-14
640,Tammy Myers MD,F,2017-08-21
641,Jennifer Farmer,F,2010-04-18
642,Jesus Hill,M,2023-06-06
643,Christine Salazar,F,2020-08-28
644,Christopher King,M,2014-11-24
645,Lisa Brennan,F,2023-08-27
646,Robin Fox,F,2023-12-17
647,Alyssa Hansen,F,2011-05-29
648,Christopher Roth,M,2010-02-02
649,Brian Villegas,M,2021-10-23
650,Mr. Brandon Hunter,M,2014-06-18
651,Mary Daniels,F,2021-07-31
652,Thomas Romero,M,2020-12-17
653,Aaron Sanchez,M,2010-06-01
654,Annette Cruz,F,2011-09-29
655,Elizabeth Smith,F,2014-04-04
656,Kylie Berry,F,2012-07-03
657,Katherine Glover,F,2016-12-29
658,Michael Hamilton,M,2010-02-09
659,Kathleen Mcbride,F,2021-06-28
660,Douglas Edwards,M,2016-02-25
661,Michael Patel,M,2013-11-20
662,Eric Thomas,M,2019-07-23
663,Rebecca Bailey,F,2013-07-06
664,Danielle Hobbs,F,2020-02-03
665,Allison Kramer,F,2018-09-20
666,William Jennings,M,2016-07-22
667,Mike Foster,M,2013-11-28
668,Debra Bowers,F,2020-02-25
669,Robert Howell,M,2012-09-15
670,John Hardy,M,2018-05-30
671,John Powers,M,2018-02-13
672,Tammy Jenkins,F,2017-02-07
673,Robert Nguyen,M,2022-02-15
674,Nicholas Obrien,M,2019-12-03
675,Shelby Gilmore,F,2018-09-14
676,Austin Campbell,M,2022-07-11
677,Amber Fitzgerald,F,2016-03-25
678,Michelle Cruz,F,2017-06-22
679,Charlotte Schultz,F,2019-05-25
680,Isaac Barrett,M,2014-05-19
681,Thomas Christensen,M,2020-07-07
682,Brittney Frederick,F,2015-11-22
683,Katie Bryant,F,2022-12-01
684,Michael Harvey,M,2019-03-27
685,Jeffrey Myers,M,2015-12-23
686,Debra Smith,F,2023-09-23
687,Christine Palmer,F,2015-01-23
688,Taylor Savage,F,2020-06-23
689,Brian Martin,M,2010-09-01
690,Natasha Reilly,F,2016-06-23
691,Megan Cochran,F,2012-04-02
692,Shawn Weber,M,2016-03-02
693,Robert Chavez,M,2023-09-25
694,Michael Adams,M,2019-07-19
695,David Preston,M,2014-10-20
696,Lisa Howard,F,2011-09-25
697,Jeffrey Hale,M,2010-10-10
698,Bryan Marquez,M,2021-02-14
699,Ethan Gibson,M,2010-02-25
700,Matthew Stuart,M,2017-05-21
701,Justin Turner,M,2017-07-17
702,Melissa Weber,F,2011-06-13
703,Jessica Short,F,2015-08-17
704,Theresa Simmons,F,2018-03-16
705,James Russell,M,2018-04-03
706,Michael Andrews,M,2015-05-20
707,Yvonne Grant,F,2021-11-07
708,Dakota Lucas,M,2016-01-21
709,David Fields,M,2011-07-31
710,Samuel Holmes Jr.,M,2022-01-18
711,Keith Roth,M,2014-11-02
712,Dwayne Gonzalez,M,2018-07-25
713,Robert Ruiz,M,2013-03-29
714,Eric Meyers,M,2012-01-08
715,Kevin White,M,2010-12-08
716,Brittney Larson,F,2023-02-15
717,Megan Brown,F,2017-02-28
718,Cody Maldonado,M,2019-11-11
719,Juan Moody,M,2020-09-20
720,Bobby Richardson,M,2016-03-07
721,Jason Pierce,M,2021-10-25
722,Cory Boyd,M,2023-07-16
723,Jessica Mcdaniel,F,2019-06-02
724,Mark Peck,M,2011-09-16
725,Maria Johnson,F,2013-06-16
726,Stephanie Davis,F,2012-10-23
727,Daniel Lara,M,2023-06-07
728,Tyler Brown,M,2019-08-22
729,Christopher Hicks,M,2012-04-16
730,Stacy Gonzalez,F,2019-02-10
731,Rebecca Mckenzie,F,2019-07-27
732,Daniel Robinson,M,2017-02-27
733,Thomas Duncan,M,2022-10-05
734,Emily Jackson,F,2016-01-05
735,Jason Freeman,M,2011-07-13
736,Robert Booth,M,2012-07-25
737,Megan Curtis,F,2021-02-28
738,Jared Arnold,M,2019-06-09
739,Clayton Perez,M,2011-02-19
740,Ann Morgan,F,2018-10-12
741,John Mata,M,2023-10-14
742,Eric Baker,M,2020-09-25
743,Tammy Edwards,F,2010-06-18
744,Andrew Shelton,M,2010-01-18
745,Randy Brown II,M,2014-04-08
746,Mr. Robert Reid,M,2016-07-04
747,Jacob Watson,M,2020-09-27
748,Dr. Mary Curry,F,2020-02-05
749,John Cline,M,2012-07-06
750,Lindsey Gonzalez,F,2018-08-16
751,Benjamin Peters,M,2012-01-17
752,Michael Blanchard,M,2021-12-07
753,Paul Ramsey,M,2011-07-02
754,Laura Adkins,F,2021-01-23
755,Richard Thomas,M,2020-10-05
756,Corey Savage,M,2013-05-31
757,Sheryl Cruz,F,2010-02-27
758,Bryan Brooks,M,2017-11-21
759,Emily English,F,2017-05-12
760,Megan Johnson,F,2012-07-15
761,Stephanie Collins,F,2013-03-17
762,Megan Mcmillan,F,2018-03-17
763,Sue Molina,F,2013-08-19
764,Charles Andersen,M,2018-06-30
765,Amanda Rodriguez,F,2022-07-08
766,Crystal Mcdonald,F,2021-09-27
767,Paul Vargas,M,2018-11-07
768,Christopher Erickson,M,2010-03-25
769,Stacy Davis,F,2016-07-05
770,Shelby Foster,F,2020-04-28
771,Eric Solis,M,2013-08-26
772,Ryan Campbell,M,2020-03-26
773,Julie Lewis,F,2019-08-05
774,Stephanie Rodriguez DDS,F,2016-03-24
775,Elizabeth Powers,F,2010-07-10
776,Eric Roberts,M,2017-10-04
777,Teresa Wright MD,F,2013-06-26
778,Cynthia Johnson,F,2014-09-16
779,Jasmine Tran,F,2017-08-21
780,Tammy Ellis,F,2022-03-12
781,Daniel Rodriguez,M,2017-07-12
782,Justin Hood,M,2014-12-24
783,Juan Cole,M,2022-04-09
784,Tiffany Horn,F,2022-04-01
785,David Sharp,M,2011-01-31
786,Adrian Schultz,M,2010-07-09
787,Jennifer Jones,F,2022-07-28
788,Bradley Kemp,M,2023-06-03
789,John Park,M,2023-05-27
790,Randy Harper,M,2010-10-30
791,John Wright,M,2016-11-26
792,Taylor Hodges,M,2012-05-17
793,Candace Johnson,F,2013-05-04
794,Carl Graham MD,M,2015-05-04
795,Steven Davis,M,2013-06-18
796,Jodi Leon,F,2022-02-12
797,Bryan Foster,M,2010-06-16
798,Mario Kennedy,M,2021-10-23
799,Ashley Hanna,F,2017-07-12
800,Casey Bryan,F,2021-10-31
801,Kelsey Robinson,F,2021-08-02
802,Joseph Nelson,M,2019-12-17
803,Jack Mendoza,M,2014-10-29
804,Megan Johnson,F,2014-09-06
805,James Williams,M,2023-08-27
806,Virginia Brown,F,2023-01-04
807,Crystal Jacobs,F,2021-07-26
808,Barbara Hood,F,2022-04-13
809,Veronica Soto,F,2014-07-18
810,Corey Henderson II,M,2021-06-27
811,Krista Martin,F,2010-03-09
812,Eric Douglas,M,2012-07-21
813,Mark Mclaughlin,M,2011-04-19
814,Jeffrey Greene,M,2021-06-30
815,Aimee Hutchinson,F,2018-09-27
816,Zachary Davis,M,2017-01-01
817,Patricia Haney,F,2019-07-26
818,Karen Terry,F,2010-11-07
819,Alexandra Jackson,F,2015-07-10
820,Joanna Roberts,F,2019-07-27
821,Michelle Bradley,F,2012-07-29
822,Stacey Martinez,F,2021-02-10
823,Joshua Sullivan,M,2021-09-22
824,James Craig,M,2015-12-08
825,Kelly Graham,F,2010-12-06
826,Victor Fisher,M,2022-08-20
827,Charles Jones III,M,2020-01-15
828,Brian Moore,M,2010-01-08
829,Barbara Holloway,F,2010-08-25
830,James Davis,M,2015-10-11
831,Monique Peters,F,2010-10-20
832,Aaron Murphy,M,2014-09-16
833,Kirk Alvarado,M,2017-01-15
834,Andrew Ayala,M,2023-12-07
835,Shelly Smith,F,2020-01-04
836,Kenneth Crawford,M,2012-12-04
837,Craig Fuentes,M,2017-01-10
838,Megan Hudson,F,2023-09-20
839,Mrs. Alexa White,F,2014-04-21
840,Jessica Porter,F,2023-02-17
841,Roger Hanson,M,2014-04-02
842,Melissa Reese,F,2011-11-20
843,David Nichols,M,2010-01-20
844,Melanie Adkins,F,2018-02-22
845,David Durham,M,2010-05-13
846,Sarah Charles,F,2019-05-12
847,Christopher Kramer,M,2014-11-16
848,Walter Barker,M,2017-06-27
849,Lisa Kelley,F,2013-10-04
850,Jon Hawkins,M,2016-01-15
851,Jamie Boyd,F,2017-10-02
852,Jessica Perez,F,2014-06-22
853,Joshua Williams,M,2018-07-21
854,Sean Fry,M,2019-05-02
855,Jason Conrad,M,2022-08-06
856,Carolyn Pace,F,2021-05-28
857,Kimberly Watson,F,2021-12-10
858,Joel Gordon,M,2022-10-13
859,Rebecca Osborne,F,2020-05-29
860,Katie Collier,F,2016-05-04
861,David Evans,M,2019-08-25
862,Timothy Thornton,M,2023-09-28
863,Timothy Rogers,M,2010-07-08
864,David Phillips,M,2019-01-25
865,Peter Arnold,M,2022-06-19
866,Lori Cooper,F,2017-11-06
867,Amy Hendricks,F,2023-10-18
868,Jennifer Ross,F,2014-06-25
869,James Bass,M,2018-06-19
870,Jamie Garcia,F,2015-08-22
871,Shawn Petersen,M,2018-10-03
872,Lisa Pittman,F,2010-11-21
873,Shari Mahoney,F,2023-09-29
874,John Jackson,M,2012-12-25
875,David Dawson,M,2010-12-10
876,Dawn Price,F,2014-04-04
877,Kevin Chavez,M,2010-03-15
878,Stephanie Diaz,F,2014-05-26
879,Laura Hogan,F,2021-04-28
880,Erica Roy,F,2013-08-21
881,Douglas Mills,M,2022-11-01
882,Brenda Bell,F,2016-01-02
883,John Garcia,M,2016-08-08
884,Sarah Edwards,F,2011-06-16
885,Angela Soto,F,2020-11-16
886,Jason Smith,M,2018-07-14
887,Thomas Ross,M,2022-05-14
888,Aaron Wade,M,2021-02-01
889,Kyle Clark,M,2020-02-04
890,Cassandra Hall,F,2023-04-27
891,Jane Martin,F,2016-10-25
892,Victor Jones,M,2010-04-04
893,Jeffery Bryant,M,2011-01-07
894,Kimberly Andrews,F,2016-02-26
895,Kimberly Evans,F,2015-03-06
896,Andrea Smith,F,2018-10-27
897,Mr. William Key,M,2019-11-27
898,Brandon Rollins,M,2016-11-14
899,Angel Knight,F,2015-04-06
900,Ernest Weber,M,2020-09-19
901,Scott Berry,M,2014-07-29
902,Dana Anderson,F,2023-10-28
903,Bradley Greene,M,2015-07-28
904,Brittany Alvarez,F,2012-04-16
905,Aaron Andrews,M,2023-06-07
906,Stanley Guzman,M,2023-12-02
907,Justin Mccullough,M,2018-04-04
908,Robert Watkins,M,2012-10-29
909,Amanda Fernandez,F,2023-04-25
910,Jamie Soto,F,2013-05-17
911,Amanda Peck,F,2023-01-10
912,Joshua Rodriguez,M,2020-09-04
913,Julie Benton,F,2010-07-03
914,Jared Glass,M,2014-04-25
915,Alexis Holloway,F,2011-07-23
916,Kristin Garcia,F,2012-04-23
917,Kayla Scott,F,2012-12-05
918,Thomas Carter MD,M,2022-02-05
919,Amy Cummings,F,2010-12-27
920,Caroline Murphy,F,2014-01-18
921,Teresa Morrow,F,2022-05-16
922,Jon Reed,M,2014-02-02
923,Brandon Sexton,M,2012-01-30
924,Thomas Snow,M,2010-03-06
925,Mark Parks,M,2015-06-17
926,Carmen Brown,F,2013-06-20
927,Robert Collins,M,2013-12-19
928,Margaret Porter,F,2017-06-18
929,Derrick Russell,M,2013-10-11
930,Raymond Garza,M,2011-12-14
931,Jonathan Huff,M,2019-12-20
932,Andrea Levine MD,F,2023-05-03
933,Kayla Lewis,F,2013-11-28
934,Ronald Peterson,M,2012-09-30
935,Michelle Burke,F,2011-07-01
936,Richard Bullock,M,2016-04-23
937,Lauren Caldwell,F,2021-12-08
938,Jessica Sanchez MD,F,2021-04-07
939,Lindsey Richardson,F,2015-06-19
940,Eric Gonzalez,M,2017-10-10
941,Emily Bates,F,2018-04-15
942,James Fisher,M,2010-12-16
943,James Guerrero,M,2022-08-15
944,Ross Anderson,M,2017-04-26
945,Dave Taylor,M,2014-06-05
946,Christopher Perry,M,2020-04-27
947,Jason Wright,M,2022-10-24
948,Brenda Simmons,F,2020-04-09
949,Joshua Thompson,M,2010-03-11
950,Kelly Clayton,F,2016-08-17
951,Angel Hawkins,F,2021-03-08
952,David Santos,M,2014-10-19
953,Lisa Ross,F,2019-09-03
954,William Pace,M,2019-03-20
955,Donna Jones,F,2022-10-17
956,David Macdonald,M,2014-05-10
957,Julie Nichols,F,2014-05-23
958,Jeremy Garcia,M,2015-01-05
959,Mary Garner MD,F,2012-11-05
960,Paul Werner,M,2012-12-14
961,Regina Powell,F,2020-12-05
962,Austin Petersen,M,2019-07-05
963,James Mason,M,2021-05-30
964,Carolyn Williams,F,2023-03-21
965,Rhonda King,F,2017-03-17
966,Mary Mason,F,2010-07-27
967,Dominique Ford DDS,F,2012-03-16
968,David Arnold,M,2022-04-10
969,Amber Nelson,F,2022-04-24
970,Robert Escobar,M,2015-03-26
971,Brittney Williams,F,2022-09-24
972,Timothy Cohen,M,2019-04-23
973,Jeffery Wright,M,2018-05-28
974,Christina Vazquez,F,2013-02-20
975,Kimberly Henry,F,2017-09-26
976,Cynthia Lamb,F,2023-04-05
977,Belinda Henry,F,2017-07-03
978,Amanda Forbes,F,2012-07-09
979,Bryan Larsen,M,2022-05-15
980,John Bush,M,2016-11-07
981,Leah Adams,F,2011-07-05
982,Leonard Moreno,M,2023-02-11
983,Nathan Harper,M,2013-02-16
984,Donna Smith,F,2023-12-18
985,Joseph Palmer,M,2010-02-15
986,Kathryn Johnson PhD,F,2022-08-16
987,Sonya Townsend,F,2020-07-21
988,Jill Boyle PhD,F,2019-09-15
989,Barbara Eaton,F,2011-04-15
990,Dr. Harold Lambert DVM,M,2010-11-08
991,Ashley Hernandez,F,2015-06-07
992,Kyle Williams,M,2010-04-16
993,Carol Clark,F,2019-12-16
994,Amanda Thompson,F,2021-03-13
995,Andrew Haley,M,2011-07-22
996,Jennifer Wilson,F,2014-01-13
997,Melanie Johnson,F,2023-05-18
998,Amanda Blanchard,F,2018-10-02
999,Lisa Mendoza,F,2020-05-14
1000,Anthony Reeves,M,2020-10-26
